{
    "interactionModel": {
        "languageModel": {
            "invocationName": "luna cart",
            "intents": [
                {
                    "name": "AMAZON.CancelIntent",
                    "samples": []
                },
                {
                    "name": "AMAZON.HelpIntent",
                    "samples": []
                },
                {
                    "name": "AMAZON.StopIntent",
                    "samples": []
                },
                {
                    "name": "LinkAccountIntent",
                    "slots": [
                        {
                            "name": "syncCode",
                            "type": "AMAZON.AlphaNumeric"
                        }
                    ],
                    "samples": [
                        "link my account with code {syncCode}",
                        "link with code {syncCode}",
                        "connect my account {syncCode}",
                        "use code {syncCode}",
                        "my code is {syncCode}",
                        "sync with {syncCode}",
                        "link {syncCode}"
                    ]
                },
                {
                    "name": "AddItemIntent",
                    "slots": [
                        {
                            "name": "item",
                            "type": "AMAZON.Food"
                        },
                        {
                            "name": "listName",
                            "type": "AMAZON.SearchQuery"
                        },
                        {
                            "name": "quantity",
                            "type": "AMAZON.NUMBER"
                        }
                    ],
                    "samples": [
                        "add {item}",
                        "add {item} to my list",
                        "add {item} to my {listName} list",
                        "add {item} to {listName}",
                        "put {item} on my list",
                        "put {item} on my {listName} list",
                        "add {quantity} {item}",
                        "add {quantity} {item} to my list",
                        "add {quantity} {item} to my {listName} list",
                        "I need {item}",
                        "I need {quantity} {item}",
                        "remember to get {item}",
                        "don't forget {item}"
                    ]
                },
                {
                    "name": "ReadListIntent",
                    "slots": [
                        {
                            "name": "listName",
                            "type": "AMAZON.SearchQuery"
                        }
                    ],
                    "samples": [
                        "what's on my list",
                        "what's on my {listName} list",
                        "read my list",
                        "read my {listName} list",
                        "what do I need",
                        "what do I need from {listName}",
                        "show me my list",
                        "show me my {listName} list",
                        "what items are on my list",
                        "tell me my list"
                    ]
                },
                {
                    "name": "ListListsIntent",
                    "slots": [],
                    "samples": [
                        "what lists do I have",
                        "show my lists",
                        "list my lists",
                        "what are my lists",
                        "which lists do I have",
                        "my lists"
                    ]
                }
            ],
            "types": []
        }
    }
}