{
    "interactionModel": {
        "languageModel": {
            "invocationName": "luna cart",
            "intents": [
                {
                    "name": "AMAZON.CancelIntent",
                    "samples": []
                },
                {
                    "name": "AMAZON.HelpIntent",
                    "samples": []
                },
                {
                    "name": "AMAZON.StopIntent",
                    "samples": []
                },
                {
                    "name": "LinkAccountIntent",
                    "slots": [
                        {
                            "name": "syncCode",
                            "type": "AMAZON.AlphaNumeric"
                        }
                    ],
                    "samples": [
                        "link my account",
                        "link account",
                        "start linking",
                        "link my account with code {syncCode}",
                        "link with code {syncCode}",
                        "connect my account {syncCode}",
                        "use code {syncCode}",
                        "my code is {syncCode}",
                        "sync with {syncCode}",
                        "link {syncCode}"
                    ]
                },
                {
                    "name": "AddItemIntent",
                    "slots": [
                        {
                            "name": "query",
                            "type": "AMAZON.SearchQuery"
                        }
                    ],
                    "samples": [
                        "add {query}",
                        "put {query}",
                        "buy {query}",
                        "i need {query}",
                        "remember {query}",
                        "don't forget {query}"
                    ]
                },
                {
                    "name": "ReadListIntent",
                    "slots": [
                        {
                            "name": "listName",
                            "type": "AMAZON.SearchQuery"
                        }
                    ],
                    "samples": [
                        "what's on my list",
                        "what's on my {listName} list",
                        "read my list",
                        "read my {listName} list",
                        "what do I need",
                        "what do I need from {listName}",
                        "show me my list",
                        "show me my {listName} list",
                        "what items are on my list",
                        "tell me my list"
                    ]
                },
                {
                    "name": "ListListsIntent",
                    "slots": [],
                    "samples": [
                        "what lists do I have",
                        "show my lists",
                        "list my lists",
                        "what are my lists",
                        "which lists do I have",
                        "my lists"
                    ]
                }
            ],
            "types": [
                {
                    "name": "LIST_NAME",
                    "values": [
                        {
                            "name": {
                                "value": "grocery"
                            },
                            "synonyms": [
                                "groceries"
                            ]
                        },
                        {
                            "name": {
                                "value": "shopping"
                            }
                        },
                        {
                            "name": {
                                "value": "weekly"
                            }
                        },
                        {
                            "name": {
                                "value": "daily"
                            }
                        },
                        {
                            "name": {
                                "value": "costco"
                            }
                        },
                        {
                            "name": {
                                "value": "target"
                            }
                        },
                        {
                            "name": {
                                "value": "walmart"
                            }
                        },
                        {
                            "name": {
                                "value": "sams club"
                            }
                        },
                        {
                            "name": {
                                "value": "pharmacy"
                            }
                        },
                        {
                            "name": {
                                "value": "drug store"
                            }
                        },
                        {
                            "name": {
                                "value": "hardware"
                            }
                        },
                        {
                            "name": {
                                "value": "home depot"
                            }
                        },
                        {
                            "name": {
                                "value": "lowes"
                            }
                        },
                        {
                            "name": {
                                "value": "party"
                            }
                        },
                        {
                            "name": {
                                "value": "camping"
                            }
                        },
                        {
                            "name": {
                                "value": "vacation"
                            }
                        },
                        {
                            "name": {
                                "value": "amazon"
                            }
                        },
                        {
                            "name": {
                                "value": "online"
                            }
                        },
                        {
                            "name": {
                                "value": "errands"
                            }
                        },
                        {
                            "name": {
                                "value": "to do"
                            }
                        },
                        {
                            "name": {
                                "value": "wish list"
                            }
                        },
                        {
                            "name": {
                                "value": "christmas"
                            }
                        },
                        {
                            "name": {
                                "value": "holiday"
                            }
                        },
                        {
                            "name": {
                                "value": "food"
                            }
                        },
                        {
                            "name": {
                                "value": "trader joes"
                            }
                        },
                        {
                            "name": {
                                "value": "whole foods"
                            }
                        },
                        {
                            "name": {
                                "value": "sprouts"
                            }
                        },
                        {
                            "name": {
                                "value": "safeway"
                            }
                        },
                        {
                            "name": {
                                "value": "kroger"
                            }
                        },
                        {
                            "name": {
                                "value": "publix"
                            }
                        },
                        {
                            "name": {
                                "value": "aldi"
                            }
                        }
                    ]
                }
            ]
        }
    }
}