{
    "interactionModel": {
        "languageModel": {
            "invocationName": "luna cart",
            "intents": [
                {
                    "name": "AMAZON.CancelIntent",
                    "samples": []
                },
                {
                    "name": "AMAZON.HelpIntent",
                    "samples": []
                },
                {
                    "name": "AMAZON.StopIntent",
                    "samples": []
                },
                {
                    "name": "LinkAccountIntent",
                    "slots": [
                        {
                            "name": "syncCode",
                            "type": "AMAZON.AlphaNumeric"
                        }
                    ],
                    "samples": [
                        "link my account",
                        "link account",
                        "start linking",
                        "link my account with code {syncCode}",
                        "link with code {syncCode}",
                        "connect my account {syncCode}",
                        "use code {syncCode}",
                        "my code is {syncCode}",
                        "sync with {syncCode}",
                        "link {syncCode}"
                    ]
                },
                {
                    "name": "AddItemIntent",
                    "slots": [
                        {
                            "name": "query",
                            "type": "AMAZON.SearchQuery"
                        }
                    ],
                    "samples": [
                        "put down {query}",
                        "write down {query}",
                        "note {query}",
                        "i need to get {query}",
                        "remember to get {query}",
                        "don't forget {query}",
                        "we need {query}",
                        "get me {query}",
                        "pick up {query}",
                        "grab {query}"
                    ]
                },
                {
                    "name": "ReadListIntent",
                    "slots": [
                        {
                            "name": "listName",
                            "type": "AMAZON.SearchQuery"
                        }
                    ],
                    "samples": [
                        "what's on my list",
                        "what's on my {listName} list",
                        "read my list",
                        "read my {listName} list",
                        "what do I need",
                        "what do I need from {listName}",
                        "show me my list",
                        "show me my {listName} list",
                        "what items are on my list",
                        "tell me my list"
                    ]
                },
                {
                    "name": "ListListsIntent",
                    "slots": [],
                    "samples": [
                        "what lists do I have",
                        "show my lists",
                        "list my lists",
                        "what are my lists",
                        "which lists do I have",
                        "my lists"
                    ]
                },
                {
                    "name": "DoneIntent",
                    "slots": [],
                    "samples": [
                        "done",
                        "that's all",
                        "that is all",
                        "finished",
                        "I'm done",
                        "I am done",
                        "nothing else",
                        "that's it",
                        "all done",
                        "no more",
                        "goodbye",
                        "bye",
                        "exit"
                    ]
                },
                {
                    "name": "CreateListIntent",
                    "slots": [
                        {
                            "name": "listName",
                            "type": "AMAZON.SearchQuery"
                        }
                    ],
                    "samples": [
                        "make me a new list",
                        "create a list called {listName}",
                        "create a new list called {listName}",
                        "create new list",
                        "create a list",
                        "create list",
                        "make a list called {listName}",
                        "set up a list called {listName}",
                        "set up a new list called {listName}",
                        "add a new list called {listName}",
                        "build a list called {listName}",
                        "start a new list called {listName}",
                        "i want a list called {listName}",
                        "i need a list called {listName}",
                        "new list {listName}",
                        "call it {listName}",
                        "name it {listName}"
                    ]
                },
                {
                    "name": "OpenListIntent",
                    "slots": [
                        {
                            "name": "listName",
                            "type": "AMAZON.SearchQuery"
                        }
                    ],
                    "samples": [
                        "open {listName}",
                        "open list {listName}",
                        "open my {listName} list",
                        "switch to {listName}",
                        "switch to list {listName}",
                        "go to {listName}",
                        "use {listName}",
                        "use {listName} list"
                    ]
                },
                {
                    "name": "GetShareCodeIntent",
                    "slots": [
                        {
                            "name": "listName",
                            "type": "AMAZON.SearchQuery"
                        }
                    ],
                    "samples": [
                        "what is the share code for {listName}",
                        "what's the share code for {listName}",
                        "get share code for {listName}",
                        "share code for {listName}",
                        "code for {listName}",
                        "how do i share {listName}"
                    ]
                },
                {
                    "name": "DeleteListIntent",
                    "slots": [
                        {
                            "name": "listName",
                            "type": "AMAZON.SearchQuery"
                        }
                    ],
                    "samples": [
                        "delete {listName} list",
                        "remove {listName} list",
                        "delete list called {listName}"
                    ]
                },
                {
                    "name": "ClearListIntent",
                    "slots": [
                        {
                            "name": "listName",
                            "type": "AMAZON.SearchQuery"
                        }
                    ],
                    "samples": [
                        "clear {listName}",
                        "clear {listName} list",
                        "empty {listName}",
                        "empty {listName} list",
                        "remove all items from {listName}"
                    ]
                },
                {
                    "name": "RestoreListIntent",
                    "slots": [
                        {
                            "name": "listName",
                            "type": "AMAZON.SearchQuery"
                        }
                    ],
                    "samples": [
                        "restore {listName}",
                        "restore {listName} list",
                        "undo delete {listName}",
                        "bring back {listName}",
                        "recover {listName}"
                    ]
                }
            ],
            "types": [
                {
                    "name": "LIST_NAME",
                    "values": [
                        {
                            "name": {
                                "value": "grocery"
                            },
                            "synonyms": [
                                "groceries"
                            ]
                        },
                        {
                            "name": {
                                "value": "shopping"
                            }
                        },
                        {
                            "name": {
                                "value": "weekly"
                            }
                        },
                        {
                            "name": {
                                "value": "daily"
                            }
                        },
                        {
                            "name": {
                                "value": "costco"
                            }
                        },
                        {
                            "name": {
                                "value": "target"
                            }
                        },
                        {
                            "name": {
                                "value": "walmart"
                            }
                        },
                        {
                            "name": {
                                "value": "sams club"
                            }
                        },
                        {
                            "name": {
                                "value": "pharmacy"
                            }
                        },
                        {
                            "name": {
                                "value": "drug store"
                            }
                        },
                        {
                            "name": {
                                "value": "hardware"
                            }
                        },
                        {
                            "name": {
                                "value": "home depot"
                            }
                        },
                        {
                            "name": {
                                "value": "lowes"
                            }
                        },
                        {
                            "name": {
                                "value": "party"
                            }
                        },
                        {
                            "name": {
                                "value": "camping"
                            }
                        },
                        {
                            "name": {
                                "value": "vacation"
                            }
                        },
                        {
                            "name": {
                                "value": "amazon"
                            }
                        },
                        {
                            "name": {
                                "value": "online"
                            }
                        },
                        {
                            "name": {
                                "value": "errands"
                            }
                        },
                        {
                            "name": {
                                "value": "to do"
                            }
                        },
                        {
                            "name": {
                                "value": "wish list"
                            }
                        },
                        {
                            "name": {
                                "value": "christmas"
                            }
                        },
                        {
                            "name": {
                                "value": "holiday"
                            }
                        },
                        {
                            "name": {
                                "value": "food"
                            }
                        },
                        {
                            "name": {
                                "value": "trader joes"
                            }
                        },
                        {
                            "name": {
                                "value": "whole foods"
                            }
                        },
                        {
                            "name": {
                                "value": "sprouts"
                            }
                        },
                        {
                            "name": {
                                "value": "safeway"
                            }
                        },
                        {
                            "name": {
                                "value": "kroger"
                            }
                        },
                        {
                            "name": {
                                "value": "publix"
                            }
                        },
                        {
                            "name": {
                                "value": "aldi"
                            }
                        }
                    ]
                }
            ]
        }
    }
}