State,ZipCode,TaxRegionName,EstimatedCombinedRate,StateRate,EstimatedCountyRate,EstimatedCityRate,EstimatedSpecialRate,RiskLevel
WI,53001,SHEBOYGAN,0.055000,0.050000,0.005000,0.000000,0.000000,0
WI,53002,DODGE,0.055000,0.050000,0.005000,0.000000,0.000000,0
WI,53003,DODGE,0.055000,0.050000,0.005000,0.000000,0.000000,0
WI,53004,BASEBALL STADIUM DISTRICT OZAUKEE CO,0.055000,0.050000,0.005000,0.000000,0.000000,0
WI,53005,MILWAUKEE,0.059000,0.050000,0.009000,0.000000,0.000000,0
WI,53006,DODGE,0.055000,0.050000,0.005000,0.000000,0.000000,0
WI,53007,MILWAUKEE,0.079000,0.050000,0.009000,0.020000,0.000000,0
WI,53008,BROOKFIELD,0.050000,0.050000,0.000000,0.000000,0.000000,0
WI,53010,FOND DU LAC,0.055000,0.050000,0.005000,0.000000,0.000000,0
WI,53011,SHEBOYGAN,0.055000,0.050000,0.005000,0.000000,0.000000,0
WI,53012,BASEBALL STADIUM DISTRICT OZAUKEE CO,0.055000,0.050000,0.005000,0.000000,0.000000,0
WI,53013,SHEBOYGAN,0.055000,0.050000,0.005000,0.000000,0.000000,0
WI,53014,CALUMET,0.055000,0.050000,0.005000,0.000000,0.000000,0
WI,53015,MANITOWOC,0.055000,0.050000,0.005000,0.000000,0.000000,0
WI,53016,DODGE,0.055000,0.050000,0.005000,0.000000,0.000000,0
WI,53017,BASEBALL STADIUM DISTRICT WASHINGTON CO,0.055000,0.050000,0.005000,0.000000,0.000000,0
WI,53018,WAUKESHA,0.050000,0.050000,0.000000,0.000000,0.000000,0
WI,53019,FOND DU LAC,0.055000,0.050000,0.005000,0.000000,0.000000,0
WI,53020,SHEBOYGAN,0.055000,0.050000,0.005000,0.000000,0.000000,0
WI,53021,BASEBALL STADIUM DISTRICT OZAUKEE CO,0.055000,0.050000,0.005000,0.000000,0.000000,0
WI,53022,BASEBALL STADIUM DISTRICT WASHINGTON CO,0.055000,0.050000,0.005000,0.000000,0.000000,0
WI,53023,SHEBOYGAN,0.055000,0.050000,0.005000,0.000000,0.000000,0
WI,53024,BASEBALL STADIUM DISTRICT OZAUKEE CO,0.055000,0.050000,0.005000,0.000000,0.000000,0
WI,53026,SHEBOYGAN,0.055000,0.050000,0.005000,0.000000,0.000000,0
WI,53027,BASEBALL STADIUM DISTRICT WASHINGTON CO,0.055000,0.050000,0.005000,0.000000,0.000000,0
WI,53029,BASEBALL STADIUM DISTRICT WASHINGTON CO,0.055000,0.050000,0.005000,0.000000,0.000000,0
WI,53031,SHEBOYGAN,0.055000,0.050000,0.005000,0.000000,0.000000,0
WI,53032,DODGE,0.055000,0.050000,0.005000,0.000000,0.000000,0
WI,53033,BASEBALL STADIUM DISTRICT WASHINGTON CO,0.055000,0.050000,0.005000,0.000000,0.000000,0
WI,53034,DODGE,0.055000,0.050000,0.005000,0.000000,0.000000,0
WI,53035,DODGE,0.055000,0.050000,0.005000,0.000000,0.000000,0
WI,53036,DODGE,0.055000,0.050000,0.005000,0.000000,0.000000,0
WI,53037,BASEBALL STADIUM DISTRICT WASHINGTON CO,0.055000,0.050000,0.005000,0.000000,0.000000,0
WI,53038,JEFFERSON,0.055000,0.050000,0.005000,0.000000,0.000000,0
WI,53039,DODGE,0.055000,0.050000,0.005000,0.000000,0.000000,0
WI,53040,BASEBALL STADIUM DISTRICT WASHINGTON CO,0.055000,0.050000,0.005000,0.000000,0.000000,0
WI,53042,MANITOWOC,0.055000,0.050000,0.005000,0.000000,0.000000,0
WI,53044,SHEBOYGAN,0.055000,0.050000,0.005000,0.000000,0.000000,0
WI,53045,WAUKESHA,0.050000,0.050000,0.000000,0.000000,0.000000,0
WI,53046,WAUKESHA,0.050000,0.050000,0.000000,0.000000,0.000000,0
WI,53047,DODGE,0.055000,0.050000,0.005000,0.000000,0.000000,0
WI,53048,DODGE,0.055000,0.050000,0.005000,0.000000,0.000000,0
WI,53049,CALUMET,0.055000,0.050000,0.005000,0.000000,0.000000,0
WI,53050,DODGE,0.055000,0.050000,0.005000,0.000000,0.000000,0
WI,53051,MILWAUKEE,0.079000,0.050000,0.009000,0.020000,0.000000,0
WI,53052,WAUKESHA,0.050000,0.050000,0.000000,0.000000,0.000000,0
WI,53056,WAUKESHA,0.050000,0.050000,0.000000,0.000000,0.000000,0
WI,53057,FOND DU LAC,0.055000,0.050000,0.005000,0.000000,0.000000,0
WI,53058,WAUKESHA,0.050000,0.050000,0.000000,0.000000,0.000000,0
WI,53059,DODGE,0.055000,0.050000,0.005000,0.000000,0.000000,0
WI,53060,BASEBALL STADIUM DISTRICT OZAUKEE CO,0.055000,0.050000,0.005000,0.000000,0.000000,0
WI,53061,CALUMET,0.055000,0.050000,0.005000,0.000000,0.000000,0
WI,53062,NEW HOLSTEIN,0.055000,0.050000,0.005000,0.000000,0.000000,0
WI,53063,MANITOWOC,0.055000,0.050000,0.005000,0.000000,0.000000,0
WI,53064,WAUKESHA,0.050000,0.050000,0.000000,0.000000,0.000000,0
WI,53065,FOND DU LAC,0.055000,0.050000,0.005000,0.000000,0.000000,0
WI,53066,JEFFERSON,0.055000,0.050000,0.005000,0.000000,0.000000,0
WI,53069,WAUKESHA,0.050000,0.050000,0.000000,0.000000,0.000000,0
WI,53070,SHEBOYGAN,0.055000,0.050000,0.005000,0.000000,0.000000,0
WI,53072,WAUKESHA,0.050000,0.050000,0.000000,0.000000,0.000000,0
WI,53073,SHEBOYGAN,0.055000,0.050000,0.005000,0.000000,0.000000,0
WI,53074,BASEBALL STADIUM DISTRICT OZAUKEE CO,0.055000,0.050000,0.005000,0.000000,0.000000,0
WI,53075,SHEBOYGAN,0.055000,0.050000,0.005000,0.000000,0.000000,0
WI,53076,BASEBALL STADIUM DISTRICT WASHINGTON CO,0.055000,0.050000,0.005000,0.000000,0.000000,0
WI,53078,DODGE,0.055000,0.050000,0.005000,0.000000,0.000000,0
WI,53079,FOND DU LAC,0.055000,0.050000,0.005000,0.000000,0.000000,0
WI,53080,BASEBALL STADIUM DISTRICT OZAUKEE CO,0.055000,0.050000,0.005000,0.000000,0.000000,0
WI,53081,SHEBOYGAN,0.055000,0.050000,0.005000,0.000000,0.000000,0
WI,53082,SHEBOYGAN,0.055000,0.050000,0.005000,0.000000,0.000000,0
WI,53083,SHEBOYGAN,0.055000,0.050000,0.005000,0.000000,0.000000,0
WI,53085,SHEBOYGAN,0.055000,0.050000,0.005000,0.000000,0.000000,0
WI,53086,BASEBALL STADIUM DISTRICT WASHINGTON CO,0.055000,0.050000,0.005000,0.000000,0.000000,0
WI,53088,CALUMET,0.055000,0.050000,0.005000,0.000000,0.000000,0
WI,53089,WAUKESHA,0.050000,0.050000,0.000000,0.000000,0.000000,0
WI,53090,BASEBALL STADIUM DISTRICT OZAUKEE CO,0.055000,0.050000,0.005000,0.000000,0.000000,0
WI,53091,DODGE,0.055000,0.050000,0.005000,0.000000,0.000000,0
WI,53092,MILWAUKEE,0.059000,0.050000,0.009000,0.000000,0.000000,0
WI,53093,SHEBOYGAN,0.055000,0.050000,0.005000,0.000000,0.000000,0
WI,53094,JEFFERSON,0.055000,0.050000,0.005000,0.000000,0.000000,0
WI,53095,BASEBALL STADIUM DISTRICT WASHINGTON CO,0.055000,0.050000,0.005000,0.000000,0.000000,0
WI,53097,BASEBALL STADIUM DISTRICT OZAUKEE CO,0.055000,0.050000,0.005000,0.000000,0.000000,0
WI,53098,DODGE,0.055000,0.050000,0.005000,0.000000,0.000000,0
WI,53099,DODGE,0.055000,0.050000,0.005000,0.000000,0.000000,0
WI,53101,KENOSHA,0.055000,0.050000,0.005000,0.000000,0.000000,0
WI,53102,KENOSHA,0.055000,0.050000,0.005000,0.000000,0.000000,0
WI,53103,WAUKESHA,0.050000,0.050000,0.000000,0.000000,0.000000,0
WI,53104,KENOSHA,0.055000,0.050000,0.005000,0.000000,0.000000,0
WI,53105,KENOSHA,0.055000,0.050000,0.005000,0.000000,0.000000,0
WI,53108,OAK CREEK,0.059000,0.050000,0.009000,0.000000,0.000000,0
WI,53109,KENOSHA,0.055000,0.050000,0.005000,0.000000,0.000000,0
WI,53110,CUDAHY,0.059000,0.050000,0.009000,0.000000,0.000000,0
WI,53114,WALWORTH,0.055000,0.050000,0.005000,0.000000,0.000000,0
WI,53115,WALWORTH,0.055000,0.050000,0.005000,0.000000,0.000000,0
WI,53118,JEFFERSON,0.055000,0.050000,0.005000,0.000000,0.000000,0
WI,53119,JEFFERSON,0.055000,0.050000,0.005000,0.000000,0.000000,0
WI,53120,WALWORTH,0.055000,0.050000,0.005000,0.000000,0.000000,0
WI,53121,WALWORTH,0.055000,0.050000,0.005000,0.000000,0.000000,0
WI,53122,WAUWATOSA,0.059000,0.050000,0.009000,0.000000,0.000000,0
WI,53125,WALWORTH,0.055000,0.050000,0.005000,0.000000,0.000000,0
WI,53126,RACINE,0.055000,0.050000,0.005000,0.000000,0.000000,0
WI,53127,WAUKESHA,0.050000,0.050000,0.000000,0.000000,0.000000,0
WI,53128,KENOSHA,0.055000,0.050000,0.005000,0.000000,0.000000,0
WI,53129,MILWAUKEE,0.059000,0.050000,0.009000,0.000000,0.000000,0
WI,53130,MILWAUKEE,0.059000,0.050000,0.009000,0.000000,0.000000,0
WI,53132,MILWAUKEE,0.059000,0.050000,0.009000,0.000000,0.000000,0
WI,53137,JEFFERSON,0.055000,0.050000,0.005000,0.000000,0.000000,0
WI,53138,WALWORTH,0.055000,0.050000,0.005000,0.000000,0.000000,0
WI,53139,RACINE,0.055000,0.050000,0.005000,0.000000,0.000000,0
WI,53140,KENOSHA,0.055000,0.050000,0.005000,0.000000,0.000000,0
WI,53141,KENOSHA,0.055000,0.050000,0.005000,0.000000,0.000000,0
WI,53142,KENOSHA,0.055000,0.050000,0.005000,0.000000,0.000000,0
WI,53143,KENOSHA,0.055000,0.050000,0.005000,0.000000,0.000000,0
WI,53144,KENOSHA,0.055000,0.050000,0.005000,0.000000,0.000000,0
WI,53146,WAUKESHA,0.050000,0.050000,0.000000,0.000000,0.000000,0
WI,53147,WALWORTH,0.055000,0.050000,0.005000,0.000000,0.000000,0
WI,53148,WALWORTH,0.055000,0.050000,0.005000,0.000000,0.000000,0
WI,53149,WALWORTH,0.055000,0.050000,0.005000,0.000000,0.000000,0
WI,53150,MILWAUKEE,0.059000,0.050000,0.009000,0.000000,0.000000,0
WI,53151,WEST ALLIS,0.059000,0.050000,0.009000,0.000000,0.000000,0
WI,53152,KENOSHA,0.055000,0.050000,0.005000,0.000000,0.000000,0
WI,53153,WAUKESHA,0.050000,0.050000,0.000000,0.000000,0.000000,0
WI,53154,MILWAUKEE,0.079000,0.050000,0.009000,0.020000,0.000000,0
WI,53156,JEFFERSON,0.055000,0.050000,0.005000,0.000000,0.000000,0
WI,53157,WALWORTH,0.055000,0.050000,0.005000,0.000000,0.000000,0
WI,53158,KENOSHA,0.055000,0.050000,0.005000,0.000000,0.000000,0
WI,53159,KENOSHA,0.055000,0.050000,0.005000,0.000000,0.000000,0
WI,53167,RACINE,0.055000,0.050000,0.005000,0.000000,0.000000,0
WI,53168,KENOSHA,0.055000,0.050000,0.005000,0.000000,0.000000,0
WI,53170,KENOSHA,0.055000,0.050000,0.005000,0.000000,0.000000,0
WI,53171,KENOSHA,0.055000,0.050000,0.005000,0.000000,0.000000,0
WI,53172,OAK CREEK,0.059000,0.050000,0.009000,0.000000,0.000000,0
WI,53176,WALWORTH,0.055000,0.050000,0.005000,0.000000,0.000000,0
WI,53177,KENOSHA,0.055000,0.050000,0.005000,0.000000,0.000000,0
WI,53178,JEFFERSON,0.055000,0.050000,0.005000,0.000000,0.000000,0
WI,53179,KENOSHA,0.055000,0.050000,0.005000,0.000000,0.000000,0
WI,53181,KENOSHA,0.055000,0.050000,0.005000,0.000000,0.000000,0
WI,53182,KENOSHA,0.055000,0.050000,0.005000,0.000000,0.000000,0
WI,53183,WAUKESHA,0.050000,0.050000,0.000000,0.000000,0.000000,0
WI,53184,WALWORTH,0.055000,0.050000,0.005000,0.000000,0.000000,0
WI,53185,RACINE,0.055000,0.050000,0.005000,0.000000,0.000000,0
WI,53186,WAUKESHA,0.050000,0.050000,0.000000,0.000000,0.000000,0
WI,53187,WAUKESHA,0.050000,0.050000,0.000000,0.000000,0.000000,0
WI,53188,WAUKESHA,0.050000,0.050000,0.000000,0.000000,0.000000,0
WI,53189,WAUKESHA,0.050000,0.050000,0.000000,0.000000,0.000000,0
WI,53190,JEFFERSON,0.055000,0.050000,0.005000,0.000000,0.000000,0
WI,53191,WALWORTH,0.055000,0.050000,0.005000,0.000000,0.000000,0
WI,53192,KENOSHA,0.055000,0.050000,0.005000,0.000000,0.000000,0
WI,53194,KENOSHA,0.055000,0.050000,0.005000,0.000000,0.000000,0
WI,53195,WALWORTH,0.055000,0.050000,0.005000,0.000000,0.000000,0
WI,53201,MILWAUKEE,0.079000,0.050000,0.009000,0.020000,0.000000,0
WI,53202,MILWAUKEE,0.079000,0.050000,0.009000,0.020000,0.000000,0
WI,53203,MILWAUKEE,0.079000,0.050000,0.009000,0.020000,0.000000,0
WI,53204,MILWAUKEE,0.079000,0.050000,0.009000,0.020000,0.000000,0
WI,53205,MILWAUKEE,0.079000,0.050000,0.009000,0.020000,0.000000,0
WI,53206,MILWAUKEE,0.079000,0.050000,0.009000,0.020000,0.000000,0
WI,53207,MILWAUKEE,0.079000,0.050000,0.009000,0.020000,0.000000,0
WI,53208,MILWAUKEE,0.079000,0.050000,0.009000,0.020000,0.000000,0
WI,53209,MILWAUKEE,0.079000,0.050000,0.009000,0.020000,0.000000,0
WI,53210,MILWAUKEE,0.079000,0.050000,0.009000,0.020000,0.000000,0
WI,53211,MILWAUKEE,0.079000,0.050000,0.009000,0.020000,0.000000,0
WI,53212,MILWAUKEE,0.079000,0.050000,0.009000,0.020000,0.000000,0
WI,53213,MILWAUKEE,0.079000,0.050000,0.009000,0.020000,0.000000,0
WI,53214,MILWAUKEE,0.079000,0.050000,0.009000,0.020000,0.000000,0
WI,53215,MILWAUKEE,0.079000,0.050000,0.009000,0.020000,0.000000,0
WI,53216,MILWAUKEE,0.079000,0.050000,0.009000,0.020000,0.000000,0
WI,53217,MILWAUKEE,0.079000,0.050000,0.009000,0.020000,0.000000,0
WI,53218,MILWAUKEE,0.079000,0.050000,0.009000,0.020000,0.000000,0
WI,53219,MILWAUKEE,0.079000,0.050000,0.009000,0.020000,0.000000,0
WI,53220,MILWAUKEE,0.079000,0.050000,0.009000,0.020000,0.000000,0
WI,53221,MILWAUKEE,0.079000,0.050000,0.009000,0.020000,0.000000,0
WI,53222,MILWAUKEE,0.079000,0.050000,0.009000,0.020000,0.000000,0
WI,53223,MILWAUKEE,0.079000,0.050000,0.009000,0.020000,0.000000,0
WI,53224,MILWAUKEE,0.079000,0.050000,0.009000,0.020000,0.000000,0
WI,53225,MILWAUKEE,0.079000,0.050000,0.009000,0.020000,0.000000,0
WI,53226,MILWAUKEE,0.079000,0.050000,0.009000,0.020000,0.000000,0
WI,53227,MILWAUKEE,0.079000,0.050000,0.009000,0.020000,0.000000,0
WI,53228,MILWAUKEE,0.079000,0.050000,0.009000,0.020000,0.000000,0
WI,53233,MILWAUKEE,0.079000,0.050000,0.009000,0.020000,0.000000,0
WI,53234,MILWAUKEE,0.059000,0.050000,0.009000,0.000000,0.000000,0
WI,53235,MILWAUKEE,0.079000,0.050000,0.009000,0.020000,0.000000,0
WI,53237,MILWAUKEE,0.079000,0.050000,0.009000,0.020000,0.000000,0
WI,53259,MILWAUKEE,0.079000,0.050000,0.009000,0.020000,0.000000,0
WI,53263,WAUWATOSA,0.059000,0.050000,0.009000,0.000000,0.000000,0
WI,53274,MILWAUKEE,0.079000,0.050000,0.009000,0.020000,0.000000,0
WI,53278,MILWAUKEE,0.079000,0.050000,0.009000,0.020000,0.000000,0
WI,53288,MILWAUKEE,0.079000,0.050000,0.009000,0.020000,0.000000,0
WI,53290,MILWAUKEE,0.079000,0.050000,0.009000,0.020000,0.000000,0
WI,53293,MILWAUKEE,0.079000,0.050000,0.009000,0.020000,0.000000,0
WI,53295,MILWAUKEE,0.079000,0.050000,0.009000,0.020000,0.000000,0
WI,53401,RACINE,0.055000,0.050000,0.005000,0.000000,0.000000,0
WI,53402,RACINE,0.055000,0.050000,0.005000,0.000000,0.000000,0
WI,53403,KENOSHA,0.055000,0.050000,0.005000,0.000000,0.000000,0
WI,53404,RACINE,0.055000,0.050000,0.005000,0.000000,0.000000,0
WI,53405,RACINE,0.055000,0.050000,0.005000,0.000000,0.000000,0
WI,53406,RACINE,0.055000,0.050000,0.005000,0.000000,0.000000,0
WI,53408,RACINE,0.055000,0.050000,0.005000,0.000000,0.000000,0
WI,53501,ROCK,0.055000,0.050000,0.005000,0.000000,0.000000,0
WI,53502,GREEN,0.055000,0.050000,0.005000,0.000000,0.000000,0
WI,53503,IOWA,0.055000,0.050000,0.005000,0.000000,0.000000,0
WI,53504,LAFAYETTE,0.055000,0.050000,0.005000,0.000000,0.000000,0
WI,53505,ROCK,0.055000,0.050000,0.005000,0.000000,0.000000,0
WI,53506,IOWA,0.055000,0.050000,0.005000,0.000000,0.000000,0
WI,53507,IOWA,0.055000,0.050000,0.005000,0.000000,0.000000,0
WI,53508,DANE,0.055000,0.050000,0.005000,0.000000,0.000000,0
WI,53510,LAFAYETTE,0.055000,0.050000,0.005000,0.000000,0.000000,0
WI,53511,ROCK,0.055000,0.050000,0.005000,0.000000,0.000000,0
WI,53512,BELOIT,0.055000,0.050000,0.005000,0.000000,0.000000,0
WI,53515,DANE,0.055000,0.050000,0.005000,0.000000,0.000000,0
WI,53516,LAFAYETTE,0.055000,0.050000,0.005000,0.000000,0.000000,0
WI,53517,DANE,0.055000,0.050000,0.005000,0.000000,0.000000,0
WI,53518,GRANT,0.055000,0.050000,0.005000,0.000000,0.000000,0
WI,53520,GREEN,0.055000,0.050000,0.005000,0.000000,0.000000,0
WI,53521,DANE,0.055000,0.050000,0.005000,0.000000,0.000000,0
WI,53522,GREEN,0.055000,0.050000,0.005000,0.000000,0.000000,0
WI,53523,DANE,0.055000,0.050000,0.005000,0.000000,0.000000,0
WI,53525,ROCK,0.055000,0.050000,0.005000,0.000000,0.000000,0
WI,53526,IOWA,0.055000,0.050000,0.005000,0.000000,0.000000,0
WI,53527,DANE,0.055000,0.050000,0.005000,0.000000,0.000000,0
WI,53528,DANE,0.055000,0.050000,0.005000,0.000000,0.000000,0
WI,53529,DANE,0.055000,0.050000,0.005000,0.000000,0.000000,0
WI,53530,LAFAYETTE,0.055000,0.050000,0.005000,0.000000,0.000000,0
WI,53531,DANE,0.055000,0.050000,0.005000,0.000000,0.000000,0
WI,53532,DANE,0.055000,0.050000,0.005000,0.000000,0.000000,0
WI,53533,IOWA,0.055000,0.050000,0.005000,0.000000,0.000000,0
WI,53534,DANE,0.055000,0.050000,0.005000,0.000000,0.000000,0
WI,53535,IOWA,0.055000,0.050000,0.005000,0.000000,0.000000,0
WI,53536,GREEN,0.055000,0.050000,0.005000,0.000000,0.000000,0
WI,53537,ROCK,0.055000,0.050000,0.005000,0.000000,0.000000,0
WI,53538,JEFFERSON,0.055000,0.050000,0.005000,0.000000,0.000000,0
WI,53540,RICHLAND,0.055000,0.050000,0.005000,0.000000,0.000000,0
WI,53541,LAFAYETTE,0.055000,0.050000,0.005000,0.000000,0.000000,0
WI,53542,ROCK,0.055000,0.050000,0.005000,0.000000,0.000000,0
WI,53543,IOWA,0.055000,0.050000,0.005000,0.000000,0.000000,0
WI,53544,IOWA,0.055000,0.050000,0.005000,0.000000,0.000000,0
WI,53545,ROCK,0.055000,0.050000,0.005000,0.000000,0.000000,0
WI,53546,ROCK,0.055000,0.050000,0.005000,0.000000,0.000000,0
WI,53547,JANESVILLE,0.055000,0.050000,0.005000,0.000000,0.000000,0
WI,53548,ROCK,0.055000,0.050000,0.005000,0.000000,0.000000,0
WI,53549,JEFFERSON,0.055000,0.050000,0.005000,0.000000,0.000000,0
WI,53550,GREEN,0.055000,0.050000,0.005000,0.000000,0.000000,0
WI,53551,JEFFERSON,0.055000,0.050000,0.005000,0.000000,0.000000,0
WI,53553,IOWA,0.055000,0.050000,0.005000,0.000000,0.000000,0
WI,53554,GRANT,0.055000,0.050000,0.005000,0.000000,0.000000,0
WI,53555,COLUMBIA,0.055000,0.050000,0.005000,0.000000,0.000000,0
WI,53556,RICHLAND,0.055000,0.050000,0.005000,0.000000,0.000000,0
WI,53557,DODGE,0.055000,0.050000,0.005000,0.000000,0.000000,0
WI,53558,DANE,0.055000,0.050000,0.005000,0.000000,0.000000,0
WI,53559,DANE,0.055000,0.050000,0.005000,0.000000,0.000000,0
WI,53560,DANE,0.055000,0.050000,0.005000,0.000000,0.000000,0
WI,53561,SAUK,0.055000,0.050000,0.005000,0.000000,0.000000,0
WI,53562,DANE,0.055000,0.050000,0.005000,0.000000,0.000000,0
WI,53563,JEFFERSON,0.055000,0.050000,0.005000,0.000000,0.000000,0
WI,53565,IOWA,0.055000,0.050000,0.005000,0.000000,0.000000,0
WI,53566,GREEN,0.055000,0.050000,0.005000,0.000000,0.000000,0
WI,53569,IOWA,0.055000,0.050000,0.005000,0.000000,0.000000,0
WI,53570,GREEN,0.055000,0.050000,0.005000,0.000000,0.000000,0
WI,53571,DANE,0.055000,0.050000,0.005000,0.000000,0.000000,0
WI,53572,DANE,0.055000,0.050000,0.005000,0.000000,0.000000,0
WI,53573,IOWA,0.055000,0.050000,0.005000,0.000000,0.000000,0
WI,53574,GREEN,0.055000,0.050000,0.005000,0.000000,0.000000,0
WI,53575,DANE,0.055000,0.050000,0.005000,0.000000,0.000000,0
WI,53576,ROCK,0.055000,0.050000,0.005000,0.000000,0.000000,0
WI,53577,SAUK,0.055000,0.050000,0.005000,0.000000,0.000000,0
WI,53578,SAUK,0.055000,0.050000,0.005000,0.000000,0.000000,0
WI,53579,DODGE,0.055000,0.050000,0.005000,0.000000,0.000000,0
WI,53580,IOWA,0.055000,0.050000,0.005000,0.000000,0.000000,0
WI,53581,RICHLAND,0.055000,0.050000,0.005000,0.000000,0.000000,0
WI,53582,IOWA,0.055000,0.050000,0.005000,0.000000,0.000000,0
WI,53583,SAUK,0.055000,0.050000,0.005000,0.000000,0.000000,0
WI,53584,RICHLAND,0.055000,0.050000,0.005000,0.000000,0.000000,0
WI,53585,WALWORTH,0.055000,0.050000,0.005000,0.000000,0.000000,0
WI,53586,LAFAYETTE,0.055000,0.050000,0.005000,0.000000,0.000000,0
WI,53587,LAFAYETTE,0.055000,0.050000,0.005000,0.000000,0.000000,0
WI,53588,SAUK,0.055000,0.050000,0.005000,0.000000,0.000000,0
WI,53589,DANE,0.055000,0.050000,0.005000,0.000000,0.000000,0
WI,53590,DANE,0.055000,0.050000,0.005000,0.000000,0.000000,0
WI,53593,DANE,0.055000,0.050000,0.005000,0.000000,0.000000,0
WI,53594,DODGE,0.055000,0.050000,0.005000,0.000000,0.000000,0
WI,53595,DODGEVILLE,0.055000,0.050000,0.005000,0.000000,0.000000,0
WI,53596,SUN PRAIRIE,0.055000,0.050000,0.005000,0.000000,0.000000,0
WI,53597,DANE,0.055000,0.050000,0.005000,0.000000,0.000000,0
WI,53598,DANE,0.055000,0.050000,0.005000,0.000000,0.000000,0
WI,53599,LAFAYETTE,0.055000,0.050000,0.005000,0.000000,0.000000,0
WI,53701,MADISON,0.055000,0.050000,0.005000,0.000000,0.000000,0
WI,53702,MADISON,0.055000,0.050000,0.005000,0.000000,0.000000,0
WI,53703,MADISON,0.055000,0.050000,0.005000,0.000000,0.000000,0
WI,53704,DANE,0.055000,0.050000,0.005000,0.000000,0.000000,0
WI,53705,DANE,0.055000,0.050000,0.005000,0.000000,0.000000,0
WI,53706,MADISON,0.055000,0.050000,0.005000,0.000000,0.000000,0
WI,53707,MADISON,0.055000,0.050000,0.005000,0.000000,0.000000,0
WI,53708,MADISON,0.055000,0.050000,0.005000,0.000000,0.000000,0
WI,53711,DANE,0.055000,0.050000,0.005000,0.000000,0.000000,0
WI,53713,DANE,0.055000,0.050000,0.005000,0.000000,0.000000,0
WI,53714,DANE,0.055000,0.050000,0.005000,0.000000,0.000000,0
WI,53715,MADISON,0.055000,0.050000,0.005000,0.000000,0.000000,0
WI,53716,DANE,0.055000,0.050000,0.005000,0.000000,0.000000,0
WI,53717,MADISON,0.055000,0.050000,0.005000,0.000000,0.000000,0
WI,53718,DANE,0.055000,0.050000,0.005000,0.000000,0.000000,0
WI,53719,DANE,0.055000,0.050000,0.005000,0.000000,0.000000,0
WI,53725,MADISON,0.055000,0.050000,0.005000,0.000000,0.000000,0
WI,53726,MADISON,0.055000,0.050000,0.005000,0.000000,0.000000,0
WI,53744,MADISON,0.055000,0.050000,0.005000,0.000000,0.000000,0
WI,53774,MADISON,0.055000,0.050000,0.005000,0.000000,0.000000,0
WI,53777,MADISON,0.055000,0.050000,0.005000,0.000000,0.000000,0
WI,53782,MADISON,0.055000,0.050000,0.005000,0.000000,0.000000,0
WI,53783,MADISON,0.055000,0.050000,0.005000,0.000000,0.000000,0
WI,53784,MADISON,0.055000,0.050000,0.005000,0.000000,0.000000,0
WI,53785,MADISON,0.055000,0.050000,0.005000,0.000000,0.000000,0
WI,53786,MADISON,0.055000,0.050000,0.005000,0.000000,0.000000,0
WI,53788,MADISON,0.055000,0.050000,0.005000,0.000000,0.000000,0
WI,53790,MADISON,0.055000,0.050000,0.005000,0.000000,0.000000,0
WI,53791,MADISON,0.055000,0.050000,0.005000,0.000000,0.000000,0
WI,53792,DANE,0.055000,0.050000,0.005000,0.000000,0.000000,0
WI,53793,MADISON,0.055000,0.050000,0.005000,0.000000,0.000000,0
WI,53794,MADISON,0.055000,0.050000,0.005000,0.000000,0.000000,0
WI,53801,GRANT,0.055000,0.050000,0.005000,0.000000,0.000000,0
WI,53802,GRANT,0.055000,0.050000,0.005000,0.000000,0.000000,0
WI,53803,LAFAYETTE,0.055000,0.050000,0.005000,0.000000,0.000000,0
WI,53804,GRANT,0.055000,0.050000,0.005000,0.000000,0.000000,0
WI,53805,CRAWFORD,0.055000,0.050000,0.005000,0.000000,0.000000,0
WI,53806,GRANT,0.055000,0.050000,0.005000,0.000000,0.000000,0
WI,53807,GRANT,0.055000,0.050000,0.005000,0.000000,0.000000,0
WI,53808,GRANT,0.055000,0.050000,0.005000,0.000000,0.000000,0
WI,53809,GRANT,0.055000,0.050000,0.005000,0.000000,0.000000,0
WI,53810,GRANT,0.055000,0.050000,0.005000,0.000000,0.000000,0
WI,53811,GRANT,0.055000,0.050000,0.005000,0.000000,0.000000,0
WI,53812,GRANT,0.055000,0.050000,0.005000,0.000000,0.000000,0
WI,53813,GRANT,0.055000,0.050000,0.005000,0.000000,0.000000,0
WI,53816,GRANT,0.055000,0.050000,0.005000,0.000000,0.000000,0
WI,53817,GRANT,0.055000,0.050000,0.005000,0.000000,0.000000,0
WI,53818,GRANT,0.055000,0.050000,0.005000,0.000000,0.000000,0
WI,53820,GRANT,0.055000,0.050000,0.005000,0.000000,0.000000,0
WI,53821,GRANT,0.055000,0.050000,0.005000,0.000000,0.000000,0
WI,53824,GRANT,0.055000,0.050000,0.005000,0.000000,0.000000,0
WI,53825,GRANT,0.055000,0.050000,0.005000,0.000000,0.000000,0
WI,53826,CRAWFORD,0.055000,0.050000,0.005000,0.000000,0.000000,0
WI,53827,GRANT,0.055000,0.050000,0.005000,0.000000,0.000000,0
WI,53901,COLUMBIA,0.055000,0.050000,0.005000,0.000000,0.000000,0
WI,53910,ADAMS,0.055000,0.050000,0.005000,0.000000,0.000000,0
WI,53911,COLUMBIA,0.055000,0.050000,0.005000,0.000000,0.000000,0
WI,53913,LAKE DELTON,0.067500,0.050000,0.005000,0.000000,0.012500,0
WI,53916,DODGE,0.055000,0.050000,0.005000,0.000000,0.000000,0
WI,53919,FOND DU LAC,0.055000,0.050000,0.005000,0.000000,0.000000,0
WI,53920,ADAMS,0.055000,0.050000,0.005000,0.000000,0.000000,0
WI,53922,DODGE,0.055000,0.050000,0.005000,0.000000,0.000000,0
WI,53923,COLUMBIA,0.055000,0.050000,0.005000,0.000000,0.000000,0
WI,53924,SAUK,0.055000,0.050000,0.005000,0.000000,0.000000,0
WI,53925,COLUMBIA,0.055000,0.050000,0.005000,0.000000,0.000000,0
WI,53926,GREEN LAKE,0.055000,0.050000,0.005000,0.000000,0.000000,0
WI,53928,COLUMBIA,0.055000,0.050000,0.005000,0.000000,0.000000,0
WI,53929,JUNEAU,0.055000,0.050000,0.005000,0.000000,0.000000,0
WI,53930,MARQUETTE,0.055000,0.050000,0.005000,0.000000,0.000000,0
WI,53931,FOND DU LAC,0.055000,0.050000,0.005000,0.000000,0.000000,0
WI,53932,COLUMBIA,0.055000,0.050000,0.005000,0.000000,0.000000,0
WI,53933,DODGE,0.055000,0.050000,0.005000,0.000000,0.000000,0
WI,53934,ADAMS,0.055000,0.050000,0.005000,0.000000,0.000000,0
WI,53935,COLUMBIA,0.055000,0.050000,0.005000,0.000000,0.000000,0
WI,53936,ADAMS,0.055000,0.050000,0.005000,0.000000,0.000000,0
WI,53937,SAUK,0.055000,0.050000,0.005000,0.000000,0.000000,0
WI,53939,GREEN LAKE,0.055000,0.050000,0.005000,0.000000,0.000000,0
WI,53940,LAKE DELTON,0.067500,0.050000,0.005000,0.000000,0.012500,0
WI,53941,SAUK,0.055000,0.050000,0.005000,0.000000,0.000000,0
WI,53942,SAUK,0.055000,0.050000,0.005000,0.000000,0.000000,0
WI,53943,SAUK,0.055000,0.050000,0.005000,0.000000,0.000000,0
WI,53944,JUNEAU,0.055000,0.050000,0.005000,0.000000,0.000000,0
WI,53946,GREEN LAKE,0.055000,0.050000,0.005000,0.000000,0.000000,0
WI,53947,GREEN LAKE,0.055000,0.050000,0.005000,0.000000,0.000000,0
WI,53948,JUNEAU,0.055000,0.050000,0.005000,0.000000,0.000000,0
WI,53949,GREEN LAKE,0.055000,0.050000,0.005000,0.000000,0.000000,0
WI,53950,JUNEAU,0.055000,0.050000,0.005000,0.000000,0.000000,0
WI,53951,SAUK,0.055000,0.050000,0.005000,0.000000,0.000000,0
WI,53952,MARQUETTE,0.055000,0.050000,0.005000,0.000000,0.000000,0
WI,53953,MARQUETTE,0.055000,0.050000,0.005000,0.000000,0.000000,0
WI,53954,COLUMBIA,0.055000,0.050000,0.005000,0.000000,0.000000,0
WI,53955,COLUMBIA,0.055000,0.050000,0.005000,0.000000,0.000000,0
WI,53956,DODGE,0.055000,0.050000,0.005000,0.000000,0.000000,0
WI,53957,COLUMBIA,0.055000,0.050000,0.005000,0.000000,0.000000,0
WI,53958,REEDSBURG,0.055000,0.050000,0.005000,0.000000,0.000000,0
WI,53959,SAUK,0.055000,0.050000,0.005000,0.000000,0.000000,0
WI,53960,COLUMBIA,0.055000,0.050000,0.005000,0.000000,0.000000,0
WI,53961,SAUK,0.055000,0.050000,0.005000,0.000000,0.000000,0
WI,53962,JUNEAU,0.055000,0.050000,0.005000,0.000000,0.000000,0
WI,53963,DODGE,0.055000,0.050000,0.005000,0.000000,0.000000,0
WI,53964,MARQUETTE,0.055000,0.050000,0.005000,0.000000,0.000000,0
WI,53965,WISCONSIN DELLS,0.067500,0.050000,0.005000,0.012500,0.000000,0
WI,53968,JUNEAU,0.055000,0.050000,0.005000,0.000000,0.000000,0
WI,53969,COLUMBIA,0.055000,0.050000,0.005000,0.000000,0.000000,0
WI,54001,POLK,0.055000,0.050000,0.005000,0.000000,0.000000,0
WI,54002,SAINT CROIX,0.055000,0.050000,0.005000,0.000000,0.000000,0
WI,54003,PIERCE,0.055000,0.050000,0.005000,0.000000,0.000000,0
WI,54004,POLK,0.055000,0.050000,0.005000,0.000000,0.000000,0
WI,54005,POLK,0.055000,0.050000,0.005000,0.000000,0.000000,0
WI,54006,POLK,0.055000,0.050000,0.005000,0.000000,0.000000,0
WI,54007,SAINT CROIX,0.055000,0.050000,0.005000,0.000000,0.000000,0
WI,54009,POLK,0.055000,0.050000,0.005000,0.000000,0.000000,0
WI,54011,PIERCE,0.055000,0.050000,0.005000,0.000000,0.000000,0
WI,54013,DUNN,0.055000,0.050000,0.005000,0.000000,0.000000,0
WI,54014,PIERCE,0.055000,0.050000,0.005000,0.000000,0.000000,0
WI,54015,SAINT CROIX,0.055000,0.050000,0.005000,0.000000,0.000000,0
WI,54016,SAINT CROIX,0.055000,0.050000,0.005000,0.000000,0.000000,0
WI,54017,POLK,0.055000,0.050000,0.005000,0.000000,0.000000,0
WI,54020,POLK,0.055000,0.050000,0.005000,0.000000,0.000000,0
WI,54021,PIERCE,0.055000,0.050000,0.005000,0.000000,0.000000,0
WI,54022,PIERCE,0.055000,0.050000,0.005000,0.000000,0.000000,0
WI,54023,SAINT CROIX,0.055000,0.050000,0.005000,0.000000,0.000000,0
WI,54024,POLK,0.055000,0.050000,0.005000,0.000000,0.000000,0
WI,54025,SAINT CROIX,0.055000,0.050000,0.005000,0.000000,0.000000,0
WI,54026,SAINT CROIX,0.055000,0.050000,0.005000,0.000000,0.000000,0
WI,54027,SAINT CROIX,0.055000,0.050000,0.005000,0.000000,0.000000,0
WI,54028,SAINT CROIX,0.055000,0.050000,0.005000,0.000000,0.000000,0
WI,54082,SAINT CROIX,0.055000,0.050000,0.005000,0.000000,0.000000,0
WI,54101,OCONTO,0.055000,0.050000,0.005000,0.000000,0.000000,0
WI,54102,MARINETTE,0.055000,0.050000,0.005000,0.000000,0.000000,0
WI,54103,FLORENCE,0.055000,0.050000,0.005000,0.000000,0.000000,0
WI,54104,FOREST,0.055000,0.050000,0.005000,0.000000,0.000000,0
WI,54106,OUTAGAMIE,0.055000,0.050000,0.005000,0.000000,0.000000,0
WI,54107,OUTAGAMIE,0.055000,0.050000,0.005000,0.000000,0.000000,0
WI,54110,BROWN,0.055000,0.050000,0.005000,0.000000,0.000000,0
WI,54111,SHAWANO,0.055000,0.050000,0.005000,0.000000,0.000000,0
WI,54112,MARINETTE,0.055000,0.050000,0.005000,0.000000,0.000000,0
WI,54113,OUTAGAMIE,0.055000,0.050000,0.005000,0.000000,0.000000,0
WI,54114,MARINETTE,0.055000,0.050000,0.005000,0.000000,0.000000,0
WI,54115,GREENLEAF,0.055000,0.050000,0.005000,0.000000,0.000000,0
WI,54119,MARINETTE,0.055000,0.050000,0.005000,0.000000,0.000000,0
WI,54120,FLORENCE,0.055000,0.050000,0.005000,0.000000,0.000000,0
WI,54121,FLORENCE,0.055000,0.050000,0.005000,0.000000,0.000000,0
WI,54123,CALUMET,0.055000,0.050000,0.005000,0.000000,0.000000,0
WI,54124,OCONTO,0.055000,0.050000,0.005000,0.000000,0.000000,0
WI,54125,MARINETTE,0.055000,0.050000,0.005000,0.000000,0.000000,0
WI,54126,GREENLEAF,0.055000,0.050000,0.005000,0.000000,0.000000,0
WI,54127,SHAWANO,0.055000,0.050000,0.005000,0.000000,0.000000,0
WI,54128,SHAWANO,0.055000,0.050000,0.005000,0.000000,0.000000,0
WI,54129,CALUMET,0.055000,0.050000,0.005000,0.000000,0.000000,0
WI,54130,BROWN,0.055000,0.050000,0.005000,0.000000,0.000000,0
WI,54131,OUTAGAMIE,0.055000,0.050000,0.005000,0.000000,0.000000,0
WI,54135,MENOMINEE,0.055000,0.050000,0.005000,0.000000,0.000000,0
WI,54136,OUTAGAMIE,0.055000,0.050000,0.005000,0.000000,0.000000,0
WI,54137,OCONTO,0.055000,0.050000,0.005000,0.000000,0.000000,0
WI,54138,OCONTO,0.055000,0.050000,0.005000,0.000000,0.000000,0
WI,54139,OCONTO,0.055000,0.050000,0.005000,0.000000,0.000000,0
WI,54140,OUTAGAMIE,0.055000,0.050000,0.005000,0.000000,0.000000,0
WI,54141,OCONTO,0.055000,0.050000,0.005000,0.000000,0.000000,0
WI,54143,MARINETTE,0.055000,0.050000,0.005000,0.000000,0.000000,0
WI,54149,OCONTO,0.055000,0.050000,0.005000,0.000000,0.000000,0
WI,54150,SHAWANO,0.055000,0.050000,0.005000,0.000000,0.000000,0
WI,54151,FLORENCE,0.055000,0.050000,0.005000,0.000000,0.000000,0
WI,54152,OUTAGAMIE,0.055000,0.050000,0.005000,0.000000,0.000000,0
WI,54153,MARINETTE,0.055000,0.050000,0.005000,0.000000,0.000000,0
WI,54154,OCONTO,0.055000,0.050000,0.005000,0.000000,0.000000,0
WI,54155,BROWN,0.055000,0.050000,0.005000,0.000000,0.000000,0
WI,54156,MARINETTE,0.055000,0.050000,0.005000,0.000000,0.000000,0
WI,54157,MARINETTE,0.055000,0.050000,0.005000,0.000000,0.000000,0
WI,54159,MARINETTE,0.055000,0.050000,0.005000,0.000000,0.000000,0
WI,54160,CALUMET,0.055000,0.050000,0.005000,0.000000,0.000000,0
WI,54161,MARINETTE,0.055000,0.050000,0.005000,0.000000,0.000000,0
WI,54162,BROWN,0.055000,0.050000,0.005000,0.000000,0.000000,0
WI,54165,BROWN,0.055000,0.050000,0.005000,0.000000,0.000000,0
WI,54166,SHAWANO,0.055000,0.050000,0.005000,0.000000,0.000000,0
WI,54169,CALUMET,0.055000,0.050000,0.005000,0.000000,0.000000,0
WI,54170,OUTAGAMIE,0.055000,0.050000,0.005000,0.000000,0.000000,0
WI,54171,OCONTO,0.055000,0.050000,0.005000,0.000000,0.000000,0
WI,54173,BROWN,0.055000,0.050000,0.005000,0.000000,0.000000,0
WI,54174,OCONTO,0.055000,0.050000,0.005000,0.000000,0.000000,0
WI,54175,LANGLADE,0.055000,0.050000,0.005000,0.000000,0.000000,0
WI,54177,MARINETTE,0.055000,0.050000,0.005000,0.000000,0.000000,0
WI,54180,BROWN,0.055000,0.050000,0.005000,0.000000,0.000000,0
WI,54201,DOOR,0.055000,0.050000,0.005000,0.000000,0.000000,0
WI,54202,DOOR,0.055000,0.050000,0.005000,0.000000,0.000000,0
WI,54204,DOOR,0.055000,0.050000,0.005000,0.000000,0.000000,0
WI,54205,KEWAUNEE,0.055000,0.050000,0.005000,0.000000,0.000000,0
WI,54207,MANITOWOC,0.055000,0.050000,0.005000,0.000000,0.000000,0
WI,54208,BROWN,0.055000,0.050000,0.005000,0.000000,0.000000,0
WI,54209,DOOR,0.055000,0.050000,0.005000,0.000000,0.000000,0
WI,54210,DOOR,0.055000,0.050000,0.005000,0.000000,0.000000,0
WI,54211,DOOR,0.060000,0.050000,0.005000,0.000000,0.005000,0
WI,54212,DOOR,0.060000,0.050000,0.005000,0.000000,0.005000,0
WI,54213,DOOR,0.055000,0.050000,0.005000,0.000000,0.000000,0
WI,54214,MANITOWOC,0.055000,0.050000,0.005000,0.000000,0.000000,0
WI,54215,MANITOWOC,0.055000,0.050000,0.005000,0.000000,0.000000,0
WI,54216,KEWAUNEE,0.055000,0.050000,0.005000,0.000000,0.000000,0
WI,54217,KEWAUNEE,0.055000,0.050000,0.005000,0.000000,0.000000,0
WI,54220,MANITOWOC,0.055000,0.050000,0.005000,0.000000,0.000000,0
WI,54221,MANITOWOC,0.055000,0.050000,0.005000,0.000000,0.000000,0
WI,54226,DOOR,0.055000,0.050000,0.005000,0.000000,0.000000,0
WI,54227,MANITOWOC,0.055000,0.050000,0.005000,0.000000,0.000000,0
WI,54228,MANITOWOC,0.055000,0.050000,0.005000,0.000000,0.000000,0
WI,54229,BROWN,0.055000,0.050000,0.005000,0.000000,0.000000,0
WI,54230,MANITOWOC,0.055000,0.050000,0.005000,0.000000,0.000000,0
WI,54232,MANITOWOC,0.055000,0.050000,0.005000,0.000000,0.000000,0
WI,54234,DOOR,0.060000,0.050000,0.005000,0.000000,0.005000,0
WI,54235,DOOR,0.055000,0.050000,0.005000,0.000000,0.000000,0
WI,54240,MANITOWOC,0.055000,0.050000,0.005000,0.000000,0.000000,0
WI,54241,MANITOWOC,0.055000,0.050000,0.005000,0.000000,0.000000,0
WI,54245,MANITOWOC,0.055000,0.050000,0.005000,0.000000,0.000000,0
WI,54246,DOOR,0.055000,0.050000,0.005000,0.000000,0.000000,0
WI,54247,MANITOWOC,0.055000,0.050000,0.005000,0.000000,0.000000,0
WI,54301,BROWN,0.055000,0.050000,0.005000,0.000000,0.000000,0
WI,54302,BROWN,0.055000,0.050000,0.005000,0.000000,0.000000,0
WI,54303,BROWN,0.055000,0.050000,0.005000,0.000000,0.000000,0
WI,54304,BROWN,0.055000,0.050000,0.005000,0.000000,0.000000,0
WI,54305,GREEN BAY,0.055000,0.050000,0.005000,0.000000,0.000000,0
WI,54306,GREEN BAY,0.055000,0.050000,0.005000,0.000000,0.000000,0
WI,54307,GREEN BAY,0.055000,0.050000,0.005000,0.000000,0.000000,0
WI,54308,GREEN BAY,0.055000,0.050000,0.005000,0.000000,0.000000,0
WI,54311,BROWN,0.055000,0.050000,0.005000,0.000000,0.000000,0
WI,54313,BROWN,0.055000,0.050000,0.005000,0.000000,0.000000,0
WI,54324,BROWN,0.055000,0.050000,0.005000,0.000000,0.000000,0
WI,54344,GREEN BAY,0.055000,0.050000,0.005000,0.000000,0.000000,0
WI,54401,MARATHON,0.055000,0.050000,0.005000,0.000000,0.000000,0
WI,54402,WAUSAU,0.055000,0.050000,0.005000,0.000000,0.000000,0
WI,54403,MARATHON,0.055000,0.050000,0.005000,0.000000,0.000000,0
WI,54405,CLARK,0.055000,0.050000,0.005000,0.000000,0.000000,0
WI,54406,PORTAGE,0.055000,0.050000,0.005000,0.000000,0.000000,0
WI,54407,PORTAGE,0.055000,0.050000,0.005000,0.000000,0.000000,0
WI,54408,SHAWANO,0.055000,0.050000,0.005000,0.000000,0.000000,0
WI,54409,SHAWANO,0.055000,0.050000,0.005000,0.000000,0.000000,0
WI,54410,WOOD,0.055000,0.050000,0.005000,0.000000,0.000000,0
WI,54411,MARATHON,0.055000,0.050000,0.005000,0.000000,0.000000,0
WI,54412,WOOD,0.055000,0.050000,0.005000,0.000000,0.000000,0
WI,54413,WOOD,0.055000,0.050000,0.005000,0.000000,0.000000,0
WI,54414,SHAWANO,0.055000,0.050000,0.005000,0.000000,0.000000,0
WI,54415,WOOD,0.055000,0.050000,0.005000,0.000000,0.000000,0
WI,54416,SHAWANO,0.055000,0.050000,0.005000,0.000000,0.000000,0
WI,54417,MARATHON,0.055000,0.050000,0.005000,0.000000,0.000000,0
WI,54418,LANGLADE,0.055000,0.050000,0.005000,0.000000,0.000000,0
WI,54420,CLARK,0.055000,0.050000,0.005000,0.000000,0.000000,0
WI,54421,CLARK,0.055000,0.050000,0.005000,0.000000,0.000000,0
WI,54422,CLARK,0.055000,0.050000,0.005000,0.000000,0.000000,0
WI,54423,MARATHON,0.055000,0.050000,0.005000,0.000000,0.000000,0
WI,54424,LANGLADE,0.055000,0.050000,0.005000,0.000000,0.000000,0
WI,54425,CLARK,0.055000,0.050000,0.005000,0.000000,0.000000,0
WI,54426,MARATHON,0.055000,0.050000,0.005000,0.000000,0.000000,0
WI,54427,MARATHON,0.055000,0.050000,0.005000,0.000000,0.000000,0
WI,54428,LANGLADE,0.055000,0.050000,0.005000,0.000000,0.000000,0
WI,54429,MARATHON,0.055000,0.050000,0.005000,0.000000,0.000000,0
WI,54430,LANGLADE,0.055000,0.050000,0.005000,0.000000,0.000000,0
WI,54433,TAYLOR,0.055000,0.050000,0.005000,0.000000,0.000000,0
WI,54435,LANGLADE,0.055000,0.050000,0.005000,0.000000,0.000000,0
WI,54436,CLARK,0.055000,0.050000,0.005000,0.000000,0.000000,0
WI,54437,CLARK,0.055000,0.050000,0.005000,0.000000,0.000000,0
WI,54440,MARATHON,0.055000,0.050000,0.005000,0.000000,0.000000,0
WI,54441,WOOD,0.055000,0.050000,0.005000,0.000000,0.000000,0
WI,54442,LINCOLN,0.055000,0.050000,0.005000,0.000000,0.000000,0
WI,54443,PORTAGE,0.055000,0.050000,0.005000,0.000000,0.000000,0
WI,54446,CLARK,0.055000,0.050000,0.005000,0.000000,0.000000,0
WI,54447,TAYLOR,0.055000,0.050000,0.005000,0.000000,0.000000,0
WI,54448,MARATHON,0.055000,0.050000,0.005000,0.000000,0.000000,0
WI,54449,CLARK,0.055000,0.050000,0.005000,0.000000,0.000000,0
WI,54450,SHAWANO,0.055000,0.050000,0.005000,0.000000,0.000000,0
WI,54451,MARATHON,0.055000,0.050000,0.005000,0.000000,0.000000,0
WI,54452,MARATHON,0.055000,0.050000,0.005000,0.000000,0.000000,0
WI,54454,WOOD,0.055000,0.050000,0.005000,0.000000,0.000000,0
WI,54455,MARATHON,0.055000,0.050000,0.005000,0.000000,0.000000,0
WI,54456,CLARK,0.055000,0.050000,0.005000,0.000000,0.000000,0
WI,54457,WOOD,0.055000,0.050000,0.005000,0.000000,0.000000,0
WI,54458,PORTAGE,0.055000,0.050000,0.005000,0.000000,0.000000,0
WI,54459,LINCOLN,0.055000,0.050000,0.005000,0.000000,0.000000,0
WI,54460,CLARK,0.055000,0.050000,0.005000,0.000000,0.000000,0
WI,54462,LANGLADE,0.055000,0.050000,0.005000,0.000000,0.000000,0
WI,54463,LANGLADE,0.055000,0.050000,0.005000,0.000000,0.000000,0
WI,54464,LANGLADE,0.055000,0.050000,0.005000,0.000000,0.000000,0
WI,54465,FOREST,0.055000,0.050000,0.005000,0.000000,0.000000,0
WI,54466,JACKSON,0.055000,0.050000,0.005000,0.000000,0.000000,0
WI,54467,PORTAGE,0.055000,0.050000,0.005000,0.000000,0.000000,0
WI,54469,WOOD,0.055000,0.050000,0.005000,0.000000,0.000000,0
WI,54470,TAYLOR,0.055000,0.050000,0.005000,0.000000,0.000000,0
WI,54471,MARATHON,0.055000,0.050000,0.005000,0.000000,0.000000,0
WI,54473,PORTAGE,0.055000,0.050000,0.005000,0.000000,0.000000,0
WI,54474,MARATHON,0.055000,0.050000,0.005000,0.000000,0.000000,0
WI,54475,WOOD,0.055000,0.050000,0.005000,0.000000,0.000000,0
WI,54476,MARATHON,0.055000,0.050000,0.005000,0.000000,0.000000,0
WI,54479,MARATHON,0.055000,0.050000,0.005000,0.000000,0.000000,0
WI,54480,TAYLOR,0.055000,0.050000,0.005000,0.000000,0.000000,0
WI,54481,PORTAGE,0.055000,0.050000,0.005000,0.000000,0.000000,0
WI,54482,PORTAGE,0.055000,0.050000,0.005000,0.000000,0.000000,0
WI,54484,MARATHON,0.055000,0.050000,0.005000,0.000000,0.000000,0
WI,54485,LANGLADE,0.055000,0.050000,0.005000,0.000000,0.000000,0
WI,54486,SHAWANO,0.055000,0.050000,0.005000,0.000000,0.000000,0
WI,54487,LINCOLN,0.055000,0.050000,0.005000,0.000000,0.000000,0
WI,54488,MARATHON,0.055000,0.050000,0.005000,0.000000,0.000000,0
WI,54489,WOOD,0.055000,0.050000,0.005000,0.000000,0.000000,0
WI,54490,PRICE,0.055000,0.050000,0.005000,0.000000,0.000000,0
WI,54491,LANGLADE,0.055000,0.050000,0.005000,0.000000,0.000000,0
WI,54492,STEVENS POINT,0.055000,0.050000,0.005000,0.000000,0.000000,0
WI,54493,CLARK,0.055000,0.050000,0.005000,0.000000,0.000000,0
WI,54494,WOOD,0.055000,0.050000,0.005000,0.000000,0.000000,0
WI,54495,WOOD,0.055000,0.050000,0.005000,0.000000,0.000000,0
WI,54498,CLARK,0.055000,0.050000,0.005000,0.000000,0.000000,0
WI,54499,MARATHON,0.055000,0.050000,0.005000,0.000000,0.000000,0
WI,54501,RHINELANDER,0.060000,0.050000,0.005000,0.005000,0.000000,0
WI,54511,FLORENCE,0.055000,0.050000,0.005000,0.000000,0.000000,0
WI,54512,VILAS,0.055000,0.050000,0.005000,0.000000,0.000000,0
WI,54513,PRICE,0.055000,0.050000,0.005000,0.000000,0.000000,0
WI,54514,ASHLAND,0.055000,0.050000,0.005000,0.000000,0.000000,0
WI,54515,PRICE,0.055000,0.050000,0.005000,0.000000,0.000000,0
WI,54517,ASHLAND,0.055000,0.050000,0.005000,0.000000,0.000000,0
WI,54519,VILAS,0.055000,0.050000,0.005000,0.000000,0.000000,0
WI,54520,FOREST,0.055000,0.050000,0.005000,0.000000,0.000000,0
WI,54521,EAGLE RIVER,0.060000,0.050000,0.005000,0.005000,0.000000,0
WI,54524,PRICE,0.055000,0.050000,0.005000,0.000000,0.000000,0
WI,54525,IRON,0.055000,0.050000,0.005000,0.000000,0.000000,0
WI,54526,RUSK,0.055000,0.050000,0.005000,0.000000,0.000000,0
WI,54527,ASHLAND,0.055000,0.050000,0.005000,0.000000,0.000000,0
WI,54529,ONEIDA,0.055000,0.050000,0.005000,0.000000,0.000000,0
WI,54530,RUSK,0.055000,0.050000,0.005000,0.000000,0.000000,0
WI,54531,ONEIDA,0.055000,0.050000,0.005000,0.000000,0.000000,0
WI,54532,LINCOLN,0.055000,0.050000,0.005000,0.000000,0.000000,0
WI,54534,IRON,0.055000,0.050000,0.005000,0.000000,0.000000,0
WI,54536,IRON,0.055000,0.050000,0.005000,0.000000,0.000000,0
WI,54537,PRICE,0.055000,0.050000,0.005000,0.000000,0.000000,0
WI,54538,IRON,0.055000,0.050000,0.005000,0.000000,0.000000,0
WI,54539,ONEIDA,0.055000,0.050000,0.005000,0.000000,0.000000,0
WI,54540,VILAS,0.055000,0.050000,0.005000,0.000000,0.000000,0
WI,54541,FOREST,0.055000,0.050000,0.005000,0.000000,0.000000,0
WI,54542,FLORENCE,0.055000,0.050000,0.005000,0.000000,0.000000,0
WI,54543,ONEIDA,0.055000,0.050000,0.005000,0.000000,0.000000,0
WI,54545,IRON,0.055000,0.050000,0.005000,0.000000,0.000000,0
WI,54546,ASHLAND,0.055000,0.050000,0.005000,0.000000,0.000000,0
WI,54547,IRON,0.055000,0.050000,0.005000,0.000000,0.000000,0
WI,54548,ONEIDA,0.055000,0.050000,0.005000,0.000000,0.000000,0
WI,54550,IRON,0.055000,0.050000,0.005000,0.000000,0.000000,0
WI,54552,IRON,0.055000,0.050000,0.005000,0.000000,0.000000,0
WI,54554,VILAS,0.055000,0.050000,0.005000,0.000000,0.000000,0
WI,54555,PRICE,0.055000,0.050000,0.005000,0.000000,0.000000,0
WI,54556,PRICE,0.055000,0.050000,0.005000,0.000000,0.000000,0
WI,54557,VILAS,0.055000,0.050000,0.005000,0.000000,0.000000,0
WI,54558,ONEIDA,0.055000,0.050000,0.005000,0.000000,0.000000,0
WI,54559,ASHLAND,0.055000,0.050000,0.005000,0.000000,0.000000,0
WI,54560,VILAS,0.055000,0.050000,0.005000,0.000000,0.000000,0
WI,54561,VILAS,0.055000,0.050000,0.005000,0.000000,0.000000,0
WI,54562,FOREST,0.055000,0.050000,0.005000,0.000000,0.000000,0
WI,54563,RUSK,0.055000,0.050000,0.005000,0.000000,0.000000,0
WI,54564,LINCOLN,0.055000,0.050000,0.005000,0.000000,0.000000,0
WI,54565,IRON,0.055000,0.050000,0.005000,0.000000,0.000000,0
WI,54566,FOREST,0.055000,0.050000,0.005000,0.000000,0.000000,0
WI,54568,ONEIDA,0.055000,0.050000,0.005000,0.000000,0.000000,0
WI,54601,LA CROSSE,0.055000,0.050000,0.005000,0.000000,0.000000,0
WI,54602,LA CROSSE,0.055000,0.050000,0.005000,0.000000,0.000000,0
WI,54603,LA CROSSE,0.055000,0.050000,0.005000,0.000000,0.000000,0
WI,54610,BUFFALO,0.055000,0.050000,0.005000,0.000000,0.000000,0
WI,54611,JACKSON,0.055000,0.050000,0.005000,0.000000,0.000000,0
WI,54612,BUFFALO,0.055000,0.050000,0.005000,0.000000,0.000000,0
WI,54613,ADAMS,0.055000,0.050000,0.005000,0.000000,0.000000,0
WI,54614,LA CROSSE,0.055000,0.050000,0.005000,0.000000,0.000000,0
WI,54615,JACKSON,0.055000,0.050000,0.005000,0.000000,0.000000,0
WI,54616,JACKSON,0.055000,0.050000,0.005000,0.000000,0.000000,0
WI,54618,JUNEAU,0.055000,0.050000,0.005000,0.000000,0.000000,0
WI,54619,MONROE,0.055000,0.050000,0.005000,0.000000,0.000000,0
WI,54620,MONROE,0.055000,0.050000,0.005000,0.000000,0.000000,0
WI,54621,VERNON,0.055000,0.050000,0.005000,0.000000,0.000000,0
WI,54622,BUFFALO,0.055000,0.050000,0.005000,0.000000,0.000000,0
WI,54623,VERNON,0.055000,0.050000,0.005000,0.000000,0.000000,0
WI,54624,VERNON,0.055000,0.050000,0.005000,0.000000,0.000000,0
WI,54625,TREMPEALEAU,0.055000,0.050000,0.005000,0.000000,0.000000,0
WI,54626,CRAWFORD,0.055000,0.050000,0.005000,0.000000,0.000000,0
WI,54627,TREMPEALEAU,0.055000,0.050000,0.005000,0.000000,0.000000,0
WI,54628,CRAWFORD,0.055000,0.050000,0.005000,0.000000,0.000000,0
WI,54629,BUFFALO,0.055000,0.050000,0.005000,0.000000,0.000000,0
WI,54630,TREMPEALEAU,0.055000,0.050000,0.005000,0.000000,0.000000,0
WI,54631,CRAWFORD,0.055000,0.050000,0.005000,0.000000,0.000000,0
WI,54632,VERNON,0.055000,0.050000,0.005000,0.000000,0.000000,0
WI,54634,VERNON,0.055000,0.050000,0.005000,0.000000,0.000000,0
WI,54635,JACKSON,0.055000,0.050000,0.005000,0.000000,0.000000,0
WI,54636,LA CROSSE,0.055000,0.050000,0.005000,0.000000,0.000000,0
WI,54637,JUNEAU,0.055000,0.050000,0.005000,0.000000,0.000000,0
WI,54638,MONROE,0.055000,0.050000,0.005000,0.000000,0.000000,0
WI,54639,VERNON,0.055000,0.050000,0.005000,0.000000,0.000000,0
WI,54641,JUNEAU,0.055000,0.050000,0.005000,0.000000,0.000000,0
WI,54642,JACKSON,0.055000,0.050000,0.005000,0.000000,0.000000,0
WI,54643,JACKSON,0.055000,0.050000,0.005000,0.000000,0.000000,0
WI,54644,JACKSON,0.055000,0.050000,0.005000,0.000000,0.000000,0
WI,54645,CRAWFORD,0.055000,0.050000,0.005000,0.000000,0.000000,0
WI,54646,JUNEAU,0.055000,0.050000,0.005000,0.000000,0.000000,0
WI,54648,MONROE,0.055000,0.050000,0.005000,0.000000,0.000000,0
WI,54649,MONROE,0.055000,0.050000,0.005000,0.000000,0.000000,0
WI,54650,LA CROSSE,0.055000,0.050000,0.005000,0.000000,0.000000,0
WI,54651,VERNON,0.055000,0.050000,0.005000,0.000000,0.000000,0
WI,54652,VERNON,0.055000,0.050000,0.005000,0.000000,0.000000,0
WI,54653,LA CROSSE,0.055000,0.050000,0.005000,0.000000,0.000000,0
WI,54654,CRAWFORD,0.055000,0.050000,0.005000,0.000000,0.000000,0
WI,54655,CRAWFORD,0.055000,0.050000,0.005000,0.000000,0.000000,0
WI,54656,JACKSON,0.055000,0.050000,0.005000,0.000000,0.000000,0
WI,54657,CRAWFORD,0.055000,0.050000,0.005000,0.000000,0.000000,0
WI,54658,VERNON,0.055000,0.050000,0.005000,0.000000,0.000000,0
WI,54659,JACKSON,0.055000,0.050000,0.005000,0.000000,0.000000,0
WI,54660,MONROE,0.055000,0.050000,0.005000,0.000000,0.000000,0
WI,54661,TREMPEALEAU,0.055000,0.050000,0.005000,0.000000,0.000000,0
WI,54662,MONROE,0.055000,0.050000,0.005000,0.000000,0.000000,0
WI,54664,VERNON,0.055000,0.050000,0.005000,0.000000,0.000000,0
WI,54665,VERNON,0.055000,0.050000,0.005000,0.000000,0.000000,0
WI,54666,MONROE,0.055000,0.050000,0.005000,0.000000,0.000000,0
WI,54667,LA CROSSE,0.055000,0.050000,0.005000,0.000000,0.000000,0
WI,54669,LA CROSSE,0.055000,0.050000,0.005000,0.000000,0.000000,0
WI,54670,MONROE,0.055000,0.050000,0.005000,0.000000,0.000000,0
WI,54701,DUNN,0.055000,0.050000,0.005000,0.000000,0.000000,0
WI,54702,EAU CLAIRE,0.055000,0.050000,0.005000,0.000000,0.000000,0
WI,54703,CHIPPEWA,0.055000,0.050000,0.005000,0.000000,0.000000,0
WI,54720,EAU CLAIRE,0.055000,0.050000,0.005000,0.000000,0.000000,0
WI,54721,DUNN,0.055000,0.050000,0.005000,0.000000,0.000000,0
WI,54722,EAU CLAIRE,0.055000,0.050000,0.005000,0.000000,0.000000,0
WI,54723,PIERCE,0.055000,0.050000,0.005000,0.000000,0.000000,0
WI,54724,CHIPPEWA,0.055000,0.050000,0.005000,0.000000,0.000000,0
WI,54725,DUNN,0.055000,0.050000,0.005000,0.000000,0.000000,0
WI,54726,CHIPPEWA,0.055000,0.050000,0.005000,0.000000,0.000000,0
WI,54727,CHIPPEWA,0.055000,0.050000,0.005000,0.000000,0.000000,0
WI,54728,BARRON,0.055000,0.050000,0.005000,0.000000,0.000000,0
WI,54729,CHIPPEWA,0.055000,0.050000,0.005000,0.000000,0.000000,0
WI,54730,DUNN,0.055000,0.050000,0.005000,0.000000,0.000000,0
WI,54731,RUSK,0.055000,0.050000,0.005000,0.000000,0.000000,0
WI,54732,CHIPPEWA,0.055000,0.050000,0.005000,0.000000,0.000000,0
WI,54733,BARRON,0.055000,0.050000,0.005000,0.000000,0.000000,0
WI,54734,DUNN,0.055000,0.050000,0.005000,0.000000,0.000000,0
WI,54735,DUNN,0.055000,0.050000,0.005000,0.000000,0.000000,0
WI,54736,BUFFALO,0.055000,0.050000,0.005000,0.000000,0.000000,0
WI,54737,DUNN,0.055000,0.050000,0.005000,0.000000,0.000000,0
WI,54738,TREMPEALEAU,0.055000,0.050000,0.005000,0.000000,0.000000,0
WI,54739,DUNN,0.055000,0.050000,0.005000,0.000000,0.000000,0
WI,54740,PIERCE,0.055000,0.050000,0.005000,0.000000,0.000000,0
WI,54741,EAU CLAIRE,0.055000,0.050000,0.005000,0.000000,0.000000,0
WI,54742,EAU CLAIRE,0.055000,0.050000,0.005000,0.000000,0.000000,0
WI,54743,BUFFALO,0.055000,0.050000,0.005000,0.000000,0.000000,0
WI,54745,CHIPPEWA,0.055000,0.050000,0.005000,0.000000,0.000000,0
WI,54746,CLARK,0.055000,0.050000,0.005000,0.000000,0.000000,0
WI,54747,BUFFALO,0.055000,0.050000,0.005000,0.000000,0.000000,0
WI,54748,CHIPPEWA,0.055000,0.050000,0.005000,0.000000,0.000000,0
WI,54749,DUNN,0.055000,0.050000,0.005000,0.000000,0.000000,0
WI,54750,PIERCE,0.055000,0.050000,0.005000,0.000000,0.000000,0
WI,54751,DUNN,0.055000,0.050000,0.005000,0.000000,0.000000,0
WI,54754,JACKSON,0.055000,0.050000,0.005000,0.000000,0.000000,0
WI,54755,BUFFALO,0.055000,0.050000,0.005000,0.000000,0.000000,0
WI,54756,BUFFALO,0.055000,0.050000,0.005000,0.000000,0.000000,0
WI,54757,BARRON,0.055000,0.050000,0.005000,0.000000,0.000000,0
WI,54758,TREMPEALEAU,0.055000,0.050000,0.005000,0.000000,0.000000,0
WI,54759,PEPIN,0.055000,0.050000,0.005000,0.000000,0.000000,0
WI,54760,TREMPEALEAU,0.055000,0.050000,0.005000,0.000000,0.000000,0
WI,54761,PIERCE,0.055000,0.050000,0.005000,0.000000,0.000000,0
WI,54762,BARRON,0.055000,0.050000,0.005000,0.000000,0.000000,0
WI,54763,DUNN,0.055000,0.050000,0.005000,0.000000,0.000000,0
WI,54764,DUNN,0.055000,0.050000,0.005000,0.000000,0.000000,0
WI,54765,DUNN,0.055000,0.050000,0.005000,0.000000,0.000000,0
WI,54766,RUSK,0.055000,0.050000,0.005000,0.000000,0.000000,0
WI,54767,PIERCE,0.055000,0.050000,0.005000,0.000000,0.000000,0
WI,54768,CHIPPEWA,0.055000,0.050000,0.005000,0.000000,0.000000,0
WI,54769,STOCKHOLM,0.060000,0.050000,0.005000,0.000000,0.005000,0
WI,54770,TREMPEALEAU,0.055000,0.050000,0.005000,0.000000,0.000000,0
WI,54771,CLARK,0.055000,0.050000,0.005000,0.000000,0.000000,0
WI,54772,DUNN,0.055000,0.050000,0.005000,0.000000,0.000000,0
WI,54773,TREMPEALEAU,0.055000,0.050000,0.005000,0.000000,0.000000,0
WI,54774,CHIPPEWA FALLS,0.055000,0.050000,0.005000,0.000000,0.000000,0
WI,54801,BURNETT,0.055000,0.050000,0.005000,0.000000,0.000000,0
WI,54805,BARRON,0.055000,0.050000,0.005000,0.000000,0.000000,0
WI,54806,ASHLAND,0.055000,0.050000,0.005000,0.000000,0.000000,0
WI,54810,POLK,0.055000,0.050000,0.005000,0.000000,0.000000,0
WI,54812,BARRON,0.055000,0.050000,0.005000,0.000000,0.000000,0
WI,54813,BARRON,0.055000,0.050000,0.005000,0.000000,0.000000,0
WI,54814,BAYFIELD,0.060000,0.050000,0.005000,0.005000,0.000000,0
WI,54816,BAYFIELD,0.055000,0.050000,0.005000,0.000000,0.000000,0
WI,54817,WASHBURN,0.055000,0.050000,0.005000,0.000000,0.000000,0
WI,54819,RUSK,0.055000,0.050000,0.005000,0.000000,0.000000,0
WI,54820,BAYFIELD,0.055000,0.050000,0.005000,0.000000,0.000000,0
WI,54821,BAYFIELD,0.055000,0.050000,0.005000,0.000000,0.000000,0
WI,54822,BARRON,0.055000,0.050000,0.005000,0.000000,0.000000,0
WI,54824,POLK,0.055000,0.050000,0.005000,0.000000,0.000000,0
WI,54826,BARRON,0.055000,0.050000,0.005000,0.000000,0.000000,0
WI,54827,BAYFIELD,0.055000,0.050000,0.005000,0.000000,0.000000,0
WI,54828,SAWYER,0.055000,0.050000,0.005000,0.000000,0.000000,0
WI,54829,BARRON,0.055000,0.050000,0.005000,0.000000,0.000000,0
WI,54830,BURNETT,0.055000,0.050000,0.005000,0.000000,0.000000,0
WI,54832,BAYFIELD,0.055000,0.050000,0.005000,0.000000,0.000000,0
WI,54835,SAWYER,0.055000,0.050000,0.005000,0.000000,0.000000,0
WI,54836,DOUGLAS,0.055000,0.050000,0.005000,0.000000,0.000000,0
WI,54837,POLK,0.055000,0.050000,0.005000,0.000000,0.000000,0
WI,54838,BAYFIELD,0.055000,0.050000,0.005000,0.000000,0.000000,0
WI,54839,BAYFIELD,0.055000,0.050000,0.005000,0.000000,0.000000,0
WI,54840,BURNETT,0.055000,0.050000,0.005000,0.000000,0.000000,0
WI,54841,BARRON,0.055000,0.050000,0.005000,0.000000,0.000000,0
WI,54842,DOUGLAS,0.055000,0.050000,0.005000,0.000000,0.000000,0
WI,54843,SAWYER,0.055000,0.050000,0.005000,0.000000,0.000000,0
WI,54844,BAYFIELD,0.055000,0.050000,0.005000,0.000000,0.000000,0
WI,54845,BURNETT,0.055000,0.050000,0.005000,0.000000,0.000000,0
WI,54846,ASHLAND,0.055000,0.050000,0.005000,0.000000,0.000000,0
WI,54847,BAYFIELD,0.055000,0.050000,0.005000,0.000000,0.000000,0
WI,54848,RUSK,0.055000,0.050000,0.005000,0.000000,0.000000,0
WI,54849,DOUGLAS,0.055000,0.050000,0.005000,0.000000,0.000000,0
WI,54850,ASHLAND,0.055000,0.050000,0.005000,0.000000,0.000000,0
WI,54853,POLK,0.055000,0.050000,0.005000,0.000000,0.000000,0
WI,54854,DOUGLAS,0.055000,0.050000,0.005000,0.000000,0.000000,0
WI,54855,ASHLAND,0.055000,0.050000,0.005000,0.000000,0.000000,0
WI,54856,BAYFIELD,0.055000,0.050000,0.005000,0.000000,0.000000,0
WI,54857,BARRON,0.055000,0.050000,0.005000,0.000000,0.000000,0
WI,54858,POLK,0.055000,0.050000,0.005000,0.000000,0.000000,0
WI,54859,WASHBURN,0.055000,0.050000,0.005000,0.000000,0.000000,0
WI,54861,ASHLAND,0.055000,0.050000,0.005000,0.000000,0.000000,0
WI,54862,SAWYER,0.055000,0.050000,0.005000,0.000000,0.000000,0
WI,54864,DOUGLAS,0.055000,0.050000,0.005000,0.000000,0.000000,0
WI,54865,BAYFIELD,0.055000,0.050000,0.005000,0.000000,0.000000,0
WI,54867,SAWYER,0.055000,0.050000,0.005000,0.000000,0.000000,0
WI,54868,BARRON,0.055000,0.050000,0.005000,0.000000,0.000000,0
WI,54870,BARRON,0.055000,0.050000,0.005000,0.000000,0.000000,0
WI,54871,BURNETT,0.055000,0.050000,0.005000,0.000000,0.000000,0
WI,54872,BURNETT,0.055000,0.050000,0.005000,0.000000,0.000000,0
WI,54873,DOUGLAS,0.055000,0.050000,0.005000,0.000000,0.000000,0
WI,54874,DOUGLAS,0.055000,0.050000,0.005000,0.000000,0.000000,0
WI,54875,WASHBURN,0.055000,0.050000,0.005000,0.000000,0.000000,0
WI,54876,SAWYER,0.055000,0.050000,0.005000,0.000000,0.000000,0
WI,54880,DOUGLAS,0.055000,0.050000,0.005000,0.000000,0.000000,0
WI,54888,WASHBURN,0.055000,0.050000,0.005000,0.000000,0.000000,0
WI,54889,BARRON,0.055000,0.050000,0.005000,0.000000,0.000000,0
WI,54890,DOUGLAS,0.055000,0.050000,0.005000,0.000000,0.000000,0
WI,54891,BAYFIELD,0.055000,0.050000,0.005000,0.000000,0.000000,0
WI,54893,BURNETT,0.055000,0.050000,0.005000,0.000000,0.000000,0
WI,54895,RUSK,0.055000,0.050000,0.005000,0.000000,0.000000,0
WI,54896,SAWYER,0.055000,0.050000,0.005000,0.000000,0.000000,0
WI,54901,WINNEBAGO,0.050000,0.050000,0.000000,0.000000,0.000000,0
WI,54902,WINNEBAGO,0.050000,0.050000,0.000000,0.000000,0.000000,0
WI,54903,OSHKOSH,0.050000,0.050000,0.000000,0.000000,0.000000,0
WI,54904,FOND DU LAC,0.055000,0.050000,0.005000,0.000000,0.000000,0
WI,54906,OSHKOSH,0.050000,0.050000,0.000000,0.000000,0.000000,0
WI,54909,PORTAGE,0.055000,0.050000,0.005000,0.000000,0.000000,0
WI,54911,OUTAGAMIE,0.055000,0.050000,0.005000,0.000000,0.000000,0
WI,54912,OUTAGAMIE,0.055000,0.050000,0.005000,0.000000,0.000000,0
WI,54913,OUTAGAMIE,0.055000,0.050000,0.005000,0.000000,0.000000,0
WI,54914,OUTAGAMIE,0.055000,0.050000,0.005000,0.000000,0.000000,0
WI,54915,OUTAGAMIE,0.055000,0.050000,0.005000,0.000000,0.000000,0
WI,54919,APPLETON CITY,0.055000,0.050000,0.005000,0.000000,0.000000,0
WI,54921,ADAMS,0.055000,0.050000,0.005000,0.000000,0.000000,0
WI,54922,OUTAGAMIE,0.055000,0.050000,0.005000,0.000000,0.000000,0
WI,54923,GREEN LAKE,0.055000,0.050000,0.005000,0.000000,0.000000,0
WI,54926,WAUPACA,0.055000,0.050000,0.005000,0.000000,0.000000,0
WI,54927,WINNEBAGO,0.050000,0.050000,0.000000,0.000000,0.000000,0
WI,54928,SHAWANO,0.055000,0.050000,0.005000,0.000000,0.000000,0
WI,54929,WAUPACA,0.055000,0.050000,0.005000,0.000000,0.000000,0
WI,54930,WAUSHARA,0.055000,0.050000,0.005000,0.000000,0.000000,0
WI,54931,OUTAGAMIE,0.055000,0.050000,0.005000,0.000000,0.000000,0
WI,54932,FOND DU LAC,0.055000,0.050000,0.005000,0.000000,0.000000,0
WI,54933,WAUPACA,0.055000,0.050000,0.005000,0.000000,0.000000,0
WI,54935,FOND DU LAC,0.055000,0.050000,0.005000,0.000000,0.000000,0
WI,54936,FOND DU LAC,0.055000,0.050000,0.005000,0.000000,0.000000,0
WI,54937,FOND DU LAC,0.055000,0.050000,0.005000,0.000000,0.000000,0
WI,54940,WAUPACA,0.055000,0.050000,0.005000,0.000000,0.000000,0
WI,54941,GREEN LAKE,0.055000,0.050000,0.005000,0.000000,0.000000,0
WI,54942,OUTAGAMIE,0.055000,0.050000,0.005000,0.000000,0.000000,0
WI,54943,WAUSHARA,0.055000,0.050000,0.005000,0.000000,0.000000,0
WI,54944,OUTAGAMIE,0.055000,0.050000,0.005000,0.000000,0.000000,0
WI,54945,WAUPACA,0.055000,0.050000,0.005000,0.000000,0.000000,0
WI,54946,WAUPACA,0.055000,0.050000,0.005000,0.000000,0.000000,0
WI,54947,OUTAGAMIE,0.055000,0.050000,0.005000,0.000000,0.000000,0
WI,54948,SHAWANO,0.055000,0.050000,0.005000,0.000000,0.000000,0
WI,54949,WAUPACA,0.055000,0.050000,0.005000,0.000000,0.000000,0
WI,54950,WAUPACA,0.055000,0.050000,0.005000,0.000000,0.000000,0
WI,54952,CALUMET,0.055000,0.050000,0.005000,0.000000,0.000000,0
WI,54956,OUTAGAMIE,0.055000,0.050000,0.005000,0.000000,0.000000,0
WI,54957,NEENAH,0.050000,0.050000,0.000000,0.000000,0.000000,0
WI,54960,MARQUETTE,0.055000,0.050000,0.005000,0.000000,0.000000,0
WI,54961,OUTAGAMIE,0.055000,0.050000,0.005000,0.000000,0.000000,0
WI,54962,WAUPACA,0.055000,0.050000,0.005000,0.000000,0.000000,0
WI,54963,WAUSHARA,0.055000,0.050000,0.005000,0.000000,0.000000,0
WI,54964,FOND DU LAC,0.055000,0.050000,0.005000,0.000000,0.000000,0
WI,54965,WAUPACA,0.055000,0.050000,0.005000,0.000000,0.000000,0
WI,54966,WAUSHARA,0.055000,0.050000,0.005000,0.000000,0.000000,0
WI,54967,WAUSHARA,0.055000,0.050000,0.005000,0.000000,0.000000,0
WI,54968,GREEN LAKE,0.055000,0.050000,0.005000,0.000000,0.000000,0
WI,54969,WAUPACA,0.055000,0.050000,0.005000,0.000000,0.000000,0
WI,54970,WAUSHARA,0.055000,0.050000,0.005000,0.000000,0.000000,0
WI,54971,FOND DU LAC,0.055000,0.050000,0.005000,0.000000,0.000000,0
WI,54974,FOND DU LAC,0.055000,0.050000,0.005000,0.000000,0.000000,0
WI,54976,WAUSHARA,0.055000,0.050000,0.005000,0.000000,0.000000,0
WI,54977,WAUPACA,0.055000,0.050000,0.005000,0.000000,0.000000,0
WI,54978,SHAWANO,0.055000,0.050000,0.005000,0.000000,0.000000,0
WI,54979,FOND DU LAC,0.055000,0.050000,0.005000,0.000000,0.000000,0
WI,54980,WINNEBAGO,0.050000,0.050000,0.000000,0.000000,0.000000,0
WI,54981,PORTAGE,0.055000,0.050000,0.005000,0.000000,0.000000,0
WI,54982,MARQUETTE,0.055000,0.050000,0.005000,0.000000,0.000000,0
WI,54983,WAUPACA,0.055000,0.050000,0.005000,0.000000,0.000000,0
WI,54984,WAUSHARA,0.055000,0.050000,0.005000,0.000000,0.000000,0
WI,54985,WINNEBAGO,0.050000,0.050000,0.000000,0.000000,0.000000,0
WI,54986,WAUSHARA,0.055000,0.050000,0.005000,0.000000,0.000000,0
